group,model,epoch,train_loss,train_accuracy_pct,validation_loss,validation_accuracy_pct,source_cell_index
结构,单层线性分类器,1,0.5937,85.76,0.4187,89.17,9
结构,单层线性分类器,2,0.3806,89.64,0.37,89.92,9
结构,单层线性分类器,3,0.3471,90.35,0.3482,90.6,9
结构,单层线性分类器,4,0.3296,90.81,0.3366,90.97,9
结构,单层线性分类器,5,0.3182,91.07,0.3281,90.95,9
结构,单层线性分类器,6,0.3101,91.29,0.3227,91.38,9
结构,单层线性分类器,7,0.3041,91.48,0.3174,91.3,9
结构,单层线性分类器,8,0.299,91.61,0.3162,91.4,9
结构,单层线性分类器,9,0.2949,91.75,0.312,91.53,9
结构,单层线性分类器,10,0.2914,91.79,0.3112,91.4,9
结构,MLP-ReLU,1,0.594,85.48,0.3445,90.5,11
结构,MLP-ReLU,2,0.2999,91.39,0.2823,92.1,11
结构,MLP-ReLU,3,0.2495,92.91,0.2457,93.13,11
结构,MLP-ReLU,4,0.2146,93.94,0.2155,94.12,11
结构,MLP-ReLU,5,0.1874,94.71,0.1965,94.55,11
结构,MLP-ReLU,6,0.1664,95.28,0.181,94.87,11
结构,MLP-ReLU,7,0.1496,95.79,0.1679,95.08,11
结构,MLP-ReLU,8,0.135,96.19,0.1619,95.35,11
结构,MLP-ReLU,9,0.1228,96.58,0.1466,95.83,11
结构,MLP-ReLU,10,0.1125,96.84,0.1426,95.77,11
手工BP教学,手工BP（无偏置）,1,0.5231,86.42,0.3228,91.27,15
手工BP教学,手工BP（无偏置）,2,0.2815,92.02,0.2631,92.62,15
手工BP教学,手工BP（无偏置）,3,0.2326,93.38,0.2283,93.6,15
手工BP教学,手工BP（无偏置）,4,0.1989,94.33,0.1994,94.48,15
手工BP教学,手工BP（无偏置）,5,0.1723,95.11,0.182,95.08,15
手工BP教学,手工BP（无偏置）,6,0.1523,95.69,0.1673,95.2,15
手工BP教学,手工BP（无偏置）,7,0.1366,96.13,0.1557,95.75,15
手工BP教学,手工BP（无偏置）,8,0.1236,96.55,0.1492,95.7,15
手工BP教学,手工BP（无偏置）,9,0.1129,96.87,0.1376,96.05,15
手工BP教学,手工BP（无偏置）,10,0.1039,97.14,0.135,95.9,15
激活函数,ReLU,1,0.594,85.48,0.3445,90.5,17
激活函数,ReLU,2,0.2999,91.39,0.2823,92.1,17
激活函数,ReLU,3,0.2495,92.91,0.2457,93.13,17
激活函数,ReLU,4,0.2146,93.94,0.2155,94.12,17
激活函数,ReLU,5,0.1874,94.71,0.1965,94.55,17
激活函数,ReLU,6,0.1664,95.28,0.181,94.87,17
激活函数,ReLU,7,0.1496,95.79,0.1679,95.08,17
激活函数,ReLU,8,0.135,96.19,0.1619,95.35,17
激活函数,ReLU,9,0.1228,96.58,0.1466,95.83,17
激活函数,ReLU,10,0.1125,96.84,0.1426,95.77,17
激活函数,Sigmoid,1,1.3482,67.18,0.6843,84.77,17
激活函数,Sigmoid,2,0.5336,86.78,0.4535,88.37,17
激活函数,Sigmoid,3,0.4064,89.0,0.3858,89.7,17
激活函数,Sigmoid,4,0.3582,90.03,0.3529,90.07,17
激活函数,Sigmoid,5,0.3313,90.54,0.3314,90.53,17
激活函数,Sigmoid,6,0.3131,91.03,0.3181,91.17,17
激活函数,Sigmoid,7,0.2995,91.4,0.3058,91.08,17
激活函数,Sigmoid,8,0.2882,91.66,0.2992,91.4,17
激活函数,Sigmoid,9,0.2782,91.97,0.2888,91.67,17
激活函数,Sigmoid,10,0.2695,92.17,0.2823,91.87,17
激活函数,Tanh,1,0.581,85.91,0.354,90.18,17
激活函数,Tanh,2,0.3119,91.07,0.3026,91.52,17
激活函数,Tanh,3,0.2717,92.25,0.2727,92.13,17
激活函数,Tanh,4,0.2429,93.02,0.2468,93.2,17
激活函数,Tanh,5,0.2182,93.8,0.2267,93.72,17
激活函数,Tanh,6,0.1971,94.36,0.2101,94.02,17
激活函数,Tanh,7,0.1795,94.89,0.1953,94.3,17
激活函数,Tanh,8,0.1642,95.31,0.1868,94.58,17
激活函数,Tanh,9,0.1513,95.7,0.1728,95.02,17
激活函数,Tanh,10,0.14,95.99,0.1666,95.03,17
学习规则,BP,1,,,,90.43,19
学习规则,BP,2,,,,92.15,19
学习规则,BP,3,,,,93.22,19
学习规则,BP,4,,,,94.08,19
学习规则,BP,5,,,,94.5,19
学习规则,BP,6,,,,94.92,19
学习规则,BP,7,,,,95.43,19
学习规则,BP,8,,,,95.45,19
学习规则,BP,9,,,,95.85,19
学习规则,BP,10,,,,95.9,19
学习规则,Oja,1,,,,9.3,19
学习规则,Oja,2,,,,10.65,19
学习规则,Oja,3,,,,9.23,19
学习规则,Oja,4,,,,9.9,19
学习规则,Oja,5,,,,9.23,19
学习规则,Oja,6,,,,9.23,19
学习规则,Oja,7,,,,10.18,19
学习规则,Oja,8,,,,9.3,19
学习规则,Oja,9,,,,9.23,19
学习规则,Oja,10,,,,9.9,19
学习规则,GHA,1,,,,77.58,19
学习规则,GHA,2,,,,81.5,19
学习规则,GHA,3,,,,83.02,19
学习规则,GHA,4,,,,81.87,19
学习规则,GHA,5,,,,82.55,19
学习规则,GHA,6,,,,82.72,19
学习规则,GHA,7,,,,82.22,19
学习规则,GHA,8,,,,81.97,19
学习规则,GHA,9,,,,82.87,19
学习规则,GHA,10,,,,82.6,19
学习规则,Frozen,1,,,,70.25,19
学习规则,Frozen,2,,,,74.4,19
学习规则,Frozen,3,,,,75.87,19
学习规则,Frozen,4,,,,76.97,19
学习规则,Frozen,5,,,,77.95,19
学习规则,Frozen,6,,,,78.65,19
学习规则,Frozen,7,,,,79.18,19
学习规则,Frozen,8,,,,79.58,19
学习规则,Frozen,9,,,,79.87,19
学习规则,Frozen,10,,,,80.38,19
