seed,method,epoch,feature_lr,train_loss,train_accuracy,validation_loss,validation_accuracy,order_sha256
0,fixed,1,0.001,1.4108497605147186,0.6170555555555556,0.7858173173268636,0.7758333333333334,96dcd538c9e145101e2c746901c215bde2bdf7ef843f2e0c1e25dea50264f878
0,fixed,2,0.001,0.7179944489443744,0.8026851851851852,0.6959061940511068,0.815,c051425090dd51adbd540dcdf6c66e07c76f1af11a9d4074ac11713bcfd0e1ae
0,fixed,3,0.001,0.6602044413354662,0.8231481481481482,0.6392671988805135,0.8301666666666667,ab7e5227a8456f3b7f056b9034fcaa7e259ee31076e18a303ee39652eeeadf51
0,fixed,4,0.001,0.6361061870080453,0.8241296296296297,0.642516183535258,0.8186666666666667,c1c74a291dd844f55fc818b4ce2dfd67633b8738e3b4a16939514ffa25bc2e6c
0,fixed,5,0.001,0.6154891811123601,0.8245555555555556,0.6090991481145223,0.8255,3a62a04f6a7f1925d7978d4cfece8caea13c599e7e8caf4ef3f006c6b7d2c193
0,fixed,6,0.001,0.598796732461011,0.8297407407407408,0.6111773252487183,0.8271666666666667,b01d5c7090acf4d11c9e1b6f5d7a55ddcfc5084f8101f889a83c2f780a6c8c02
0,fixed,7,0.001,0.5990385690441838,0.8285185185185185,0.615618403116862,0.8221666666666667,8ef22c254b49273318ff2829287d90efeaf57ef397c5864d761dc6a4868978b5
0,fixed,8,0.001,0.6046425209222016,0.8256666666666667,0.613084186553955,0.8196666666666667,27e93348b71166653e06ac48c434cb278ae9422d424906a6b08b8053cafdd347
0,fixed,9,0.001,0.5914512727525499,0.8274444444444444,0.5950290654500325,0.8286666666666667,8fbb62d276e76d267b5865e37c79d526d2aa0e6043b9cd8cf1d45efaba687994
0,fixed,10,0.001,0.5783860240865637,0.8297037037037037,0.589769637743632,0.826,9011bf2a665b0e23ffb1d977ac9de1b7e6e69fd11c54436655c03efdfa2de09b
0,linear_decay,1,0.001,1.4108497605147186,0.6170555555555556,0.7858173173268636,0.7758333333333334,96dcd538c9e145101e2c746901c215bde2bdf7ef843f2e0c1e25dea50264f878
0,linear_decay,2,0.0009000000000000001,0.7106211786799961,0.8045,0.6853904018402099,0.817,c051425090dd51adbd540dcdf6c66e07c76f1af11a9d4074ac11713bcfd0e1ae
0,linear_decay,3,0.0008,0.6478278269944368,0.8249444444444445,0.6207842175165812,0.835,ab7e5227a8456f3b7f056b9034fcaa7e259ee31076e18a303ee39652eeeadf51
0,linear_decay,4,0.0007,0.6006630463423552,0.8360925925925926,0.6045030142466227,0.8365,c1c74a291dd844f55fc818b4ce2dfd67633b8738e3b4a16939514ffa25bc2e6c
0,linear_decay,5,0.0006,0.5880326647758484,0.8337407407407408,0.581688640276591,0.836,3a62a04f6a7f1925d7978d4cfece8caea13c599e7e8caf4ef3f006c6b7d2c193
0,linear_decay,6,0.0005,0.5600092343489329,0.8412037037037037,0.5534100877443949,0.8433333333333334,b01d5c7090acf4d11c9e1b6f5d7a55ddcfc5084f8101f889a83c2f780a6c8c02
0,linear_decay,7,0.0003999999999999999,0.533029470426065,0.8487407407407408,0.5293093647956848,0.8503333333333334,8ef22c254b49273318ff2829287d90efeaf57ef397c5864d761dc6a4868978b5
0,linear_decay,8,0.00030000000000000003,0.5123786192911642,0.8548333333333333,0.5125060820579529,0.8528333333333333,27e93348b71166653e06ac48c434cb278ae9422d424906a6b08b8053cafdd347
0,linear_decay,9,0.00019999999999999996,0.493872312201394,0.8589259259259259,0.49719769207636516,0.8583333333333333,8fbb62d276e76d267b5865e37c79d526d2aa0e6043b9cd8cf1d45efaba687994
0,linear_decay,10,0.00010000000000000009,0.47649819554222955,0.8628888888888889,0.48018068822224935,0.8601666666666666,9011bf2a665b0e23ffb1d977ac9de1b7e6e69fd11c54436655c03efdfa2de09b
1,fixed,1,0.001,1.4623927314193161,0.6088518518518519,0.8226459922790528,0.7861666666666667,319a6325121628c69ff28b55f01e838b99eae7e6881557b2a86c01a1b441ce5c
1,fixed,2,0.001,0.7446363885490983,0.8062222222222222,0.7207754290898641,0.817,322bdf53306f7de60275604baa6a876d9467e1718492ab6f76630fa2edaaf0ef
1,fixed,3,0.001,0.6969968721248485,0.8158518518518518,0.6884147475560506,0.8108333333333333,ca010f50453a6d5de704add98453667e35ca1cdbf08d12a04e31fb12b97c3a70
1,fixed,4,0.001,0.6584643047297443,0.8165740740740741,0.6480725294748942,0.8205,7819d47cafdcc9aa460e717947413ecbddb9266f3500e5761dfcb3306f7485ed
1,fixed,5,0.001,0.6248788349540145,0.8225185185185185,0.6194503831863404,0.8203333333333334,bfa58eef77cb7b9d2e2c2734b83878cf083b0ff10f149474336735202dfde0fe
1,fixed,6,0.001,0.6057669021465161,0.8246666666666667,0.61219247341156,0.8226666666666667,2e09e1fd98a4c7d471d952ace5364f572a06c86e209fbf98de1b0cf709815160
1,fixed,7,0.001,0.6068695076130055,0.8220740740740741,0.611202434539795,0.8213333333333334,3c2e6b80ac116e02b879d4ec787d8cb69189a54d8502001f3a58bf9df1550171
1,fixed,8,0.001,0.6107475900650025,0.8211851851851852,0.6154012352625529,0.8213333333333334,8a0665acdfed6f46ee7ee5df853d016242b7bc5e800f8c2bf704b1b28a4a9769
1,fixed,9,0.001,0.620374371263716,0.8185555555555556,0.6235239384969076,0.8185,97c51ce7794f581defa619c798e0723470d46f24a373c393bcbb5ade0dddf674
1,fixed,10,0.001,0.626650983174642,0.8163518518518519,0.6313101787567139,0.816,e0b7545431b935bee998076c75e6f0116476e3127e0be6fe5a3f8f2f29d46b8b
1,linear_decay,1,0.001,1.4623927314193161,0.6088518518518519,0.8226459922790528,0.7861666666666667,319a6325121628c69ff28b55f01e838b99eae7e6881557b2a86c01a1b441ce5c
1,linear_decay,2,0.0009000000000000001,0.737011917591095,0.8075555555555556,0.7088359015782674,0.819,322bdf53306f7de60275604baa6a876d9467e1718492ab6f76630fa2edaaf0ef
1,linear_decay,3,0.0008,0.6780264440995676,0.821037037037037,0.6666288890838623,0.8166666666666667,ca010f50453a6d5de704add98453667e35ca1cdbf08d12a04e31fb12b97c3a70
1,linear_decay,4,0.0007,0.6376826618512471,0.8227592592592593,0.6296376202901205,0.8255,7819d47cafdcc9aa460e717947413ecbddb9266f3500e5761dfcb3306f7485ed
1,linear_decay,5,0.0006,0.6017086456263507,0.8295555555555556,0.5922698472340902,0.8355,bfa58eef77cb7b9d2e2c2734b83878cf083b0ff10f149474336735202dfde0fe
1,linear_decay,6,0.0005,0.5704989083784597,0.8374814814814815,0.563647655804952,0.8406666666666667,2e09e1fd98a4c7d471d952ace5364f572a06c86e209fbf98de1b0cf709815160
1,linear_decay,7,0.0003999999999999999,0.5477814772040756,0.8431296296296297,0.5423907403945922,0.8461666666666666,3c2e6b80ac116e02b879d4ec787d8cb69189a54d8502001f3a58bf9df1550171
1,linear_decay,8,0.00030000000000000003,0.5287658796310425,0.8474444444444444,0.5244905134836833,0.8503333333333334,8a0665acdfed6f46ee7ee5df853d016242b7bc5e800f8c2bf704b1b28a4a9769
1,linear_decay,9,0.00019999999999999996,0.5117972608230732,0.8530925925925926,0.5083016080856323,0.8531666666666666,97c51ce7794f581defa619c798e0723470d46f24a373c393bcbb5ade0dddf674
1,linear_decay,10,0.00010000000000000009,0.4957245418407299,0.8570925925925926,0.4918127113978068,0.858,e0b7545431b935bee998076c75e6f0116476e3127e0be6fe5a3f8f2f29d46b8b
2,fixed,1,0.001,1.4783823950732196,0.5993148148148149,0.8272609869639079,0.7808333333333334,a0a5b62364ae9913f805253a7648aa5a550cd38f28b4afa995be911d33c3038e
2,fixed,2,0.001,0.7270008715523614,0.8061481481481482,0.6847343991597493,0.8218333333333333,3c44ec84117d77c4aa731cb695be3bec494d21bcc30a9b63dfc4d9d5e33a73c9
2,fixed,3,0.001,0.6518936687222233,0.827037037037037,0.6181228752136231,0.8326666666666667,e854dc5f4398dce8b2115ad46b5e21763ec6137568cdd3a9fdbd3d435a0927b3
2,fixed,4,0.001,0.6008772237742389,0.8363888888888888,0.5914237372080485,0.8353333333333334,2b99c315c61430a0072ec2243c9e0e53ee89ca07cf18ca9483700070461e8f28
2,fixed,5,0.001,0.5779146842338421,0.8392962962962963,0.5618908265431722,0.8465,2ba911533372971efa6cf3459bf07a9249011983a2c28e150ef66e02a8a6aac8
2,fixed,6,0.001,0.5565002578541085,0.8426851851851852,0.5522779731750488,0.8465,5adc90e5b3a38c3df77fa172c4665250167fbcda5d143c55e27cd42f881449cc
2,fixed,7,0.001,0.54560253794988,0.8442037037037037,0.5463556712468465,0.844,8802549dbf9dc3c1cd41d8e757a22c048c97ae865f205d737e04d1592b5c8d7c
2,fixed,8,0.001,0.5424779366563868,0.8429814814814814,0.5464692249298095,0.8406666666666667,243d922af2e418c94535dd6b2f8d9b62aae3d3c5171e3908a0555654cacaafe7
2,fixed,9,0.001,0.5461624908977085,0.8416111111111111,0.5537411289215088,0.84,3ebd9dfe19046b57025501b5796d35aeec15695e384bb9eafbef70556281a848
2,fixed,10,0.001,0.5542280646253516,0.8404814814814815,0.5580908927917481,0.8403333333333334,a10fa36453688609b2bedbbb460f7a19d5e12a90c5a6cee7165ed7b127603301
2,linear_decay,1,0.001,1.4783823950732196,0.5993148148148149,0.8272609869639079,0.7808333333333334,a0a5b62364ae9913f805253a7648aa5a550cd38f28b4afa995be911d33c3038e
2,linear_decay,2,0.0009000000000000001,0.7210791246979324,0.8064444444444444,0.6736511538823445,0.8246666666666667,3c44ec84117d77c4aa731cb695be3bec494d21bcc30a9b63dfc4d9d5e33a73c9
2,linear_decay,3,0.0008,0.639485138045417,0.8303888888888888,0.6081635265350341,0.836,e854dc5f4398dce8b2115ad46b5e21763ec6137568cdd3a9fdbd3d435a0927b3
2,linear_decay,4,0.0007,0.5774800833242911,0.8422962962962963,0.5626281096140544,0.8463333333333334,2b99c315c61430a0072ec2243c9e0e53ee89ca07cf18ca9483700070461e8f28
2,linear_decay,5,0.0006,0.5492394840099194,0.8461666666666666,0.5387277568181356,0.8485,2ba911533372971efa6cf3459bf07a9249011983a2c28e150ef66e02a8a6aac8
2,linear_decay,6,0.0005,0.5249659728915603,0.852462962962963,0.5121008264223734,0.8586666666666667,5adc90e5b3a38c3df77fa172c4665250167fbcda5d143c55e27cd42f881449cc
2,linear_decay,7,0.0003999999999999999,0.5016974436265451,0.8584444444444445,0.49094844007492067,0.8635,8802549dbf9dc3c1cd41d8e757a22c048c97ae865f205d737e04d1592b5c8d7c
2,linear_decay,8,0.00030000000000000003,0.4814414565828111,0.8632777777777778,0.4751258424123128,0.8675,243d922af2e418c94535dd6b2f8d9b62aae3d3c5171e3908a0555654cacaafe7
2,linear_decay,9,0.00019999999999999996,0.46340976068708634,0.8682777777777778,0.45990410788853964,0.87,3ebd9dfe19046b57025501b5796d35aeec15695e384bb9eafbef70556281a848
2,linear_decay,10,0.00010000000000000009,0.4475942952103085,0.8724444444444445,0.44615806992848717,0.8726666666666667,a10fa36453688609b2bedbbb460f7a19d5e12a90c5a6cee7165ed7b127603301
